{
  "vs_k": {
    "ecoli.csv": [
      0.0897198,
      0.318305,
      0.108968,
      0.190987,
      0.190987,
      0.190987,
      0.188403,
      0.187572,
      0.187572,
      0.187572,
      0.187572,
      0.187572,
      0.187572,
      0.187572,
      0.187572,
      0.187572,
      0.0746346,
      0.0746346,
      0.0746346,
      0.0746346,
      0.0746346,
      0.0746346,
      0.0746346,
      0.0746346,
      0.0746346,
      0.0746346,
      0.0746346,
      0.0746346,
      0.0746346
    ],
    "glass.csv": [
      0.037275,
      0.0331257,
      0.208146,
      0.26455,
      0.0888372,
      0.0896088,
      0.128263,
      0.0821596,
      0.0821596,
      0.0821596,
      0.0821596,
      0.0821596,
      0.0821596,
      0.0821596,
      0.0821596,
      0.0821596,
      0.0821596,
      0.0821596,
      0.0821596,
      0.0821596,
      0.0821596,
      0.0821596,
      0.0821596,
      0.0821596,
      0.0821596,
      0.0821596,
      0.0821596,
      0.0821596,
      0.0821596
    ],
    "haberman.csv": [
      0.461299,
      0.245828,
      0.228955,
      0.231619,
      0.406665,
      0.423729,
      0.423729,
      0.423729,
      0.423729,
      0.423729,
      0.423729,
      0.423729,
      0.423729,
      0.423729,
      0.423729,
      0.423729,
      0.423729,
      0.423729,
      0.423729,
      0.423729,
      0.423729,
      0.423729,
      0.423729,
      0.423729,
      0.423729,
      0.423729,
      0.423729,
      0.423729,
      0.423729
    ],
    "ionosphere.csv": [
      0.278981,
      0.257928,
      0.379859,
      0.390625,
      0.390625,
      0.390625,
      0.390625,
      0.390625,
      0.390625,
      0.390625,
      0.390625,
      0.390625,
      0.390625,
      0.390625,
      0.390625,
      0.390625,
      0.390625,
      0.390625,
      0.390625,
      0.390625,
      0.390625,
      0.390625,
      0.390625,
      0.390625,
      0.390625,
      0.390625,
      0.390625,
      0.390625,
      0.390625
    ],
    "liver_disorders.csv": [
      0.377457,
      0.414545,
      0.300231,
      0.320221,
      0.295918,
      0.295918,
      0.295918,
      0.295918,
      0.295918,
      0.295918,
      0.295918,
      0.295918,
      0.295918,
      0.295918,
      0.295918,
      0.295918,
      0.295918,
      0.295918,
      0.295918,
      0.295918,
      0.295918,
      0.295918,
      0.295918,
      0.295918,
      0.295918,
      0.295918,
      0.295918,
      0.295918,
      0.295918
    ],
    "sonar.csv": [
      0.536794,
      0.344979,
      0.43703,
      0.335463,
      0.335463,
      0.318033,
      0.318033,
      0.318033,
      0.318033,
      0.318033,
      0.318033,
      0.318033,
      0.318033,
      0.318033,
      0.318033,
      0.318033,
      0.318033,
      0.318033,
      0.318033,
      0.318033,
      0.318033,
      0.318033,
      0.318033,
      0.318033,
      0.318033,
      0.318033,
      0.318033,
      0.318033,
      0.318033
    ]
  },
  "vs_thr": {
    "ecoli.csv": [
      0.0746346,
      0.0746346,
      0.0746346,
      0.0746346,
      0.0746346,
      0.0746346,
      0.0746346,
      0.0746346,
      0.188403,
      0.187572,
      0.187572,
      0.00683175,
      0.0352717,
      0.00803859,
      0.00803859,
      NaN,
      NaN,
      NaN,
      NaN,
      NaN
    ],
    "glass.csv": [
      0.0821596,
      0.0821596,
      0.0821596,
      0.0821596,
      0.0821596,
      0.0821596,
      0.0821596,
      0.0821596,
      0.0821596,
      0.0821596,
      0.0821596,
      0.13543,
      0.211303,
      0.326882,
      0.349464,
      0.102551,
      0.141467,
      0.127498,
      0.0821596,
      NaN
    ],
    "haberman.csv": [
      0.423729,
      0.423729,
      0.423729,
      0.423729,
      0.423729,
      0.423729,
      0.423729,
      0.423729,
      0.423729,
      0.423729,
      0.469728,
      0.314879,
      0.502676,
      0.470664,
      NaN,
      NaN,
      NaN,
      NaN,
      NaN,
      NaN
    ],
    "ionosphere.csv": [
      0.390625,
      0.390625,
      0.390625,
      0.390625,
      0.390625,
      0.390625,
      0.390625,
      0.390625,
      0.390625,
      0.390625,
      0.390625,
      0.390625,
      0.324372,
      0.324372,
      0.366426,
      0.289796,
      0.626344,
      0.293226,
      0.293226,
      0.687767
    ],
    "liver_disorders.csv": [
      0.295918,
      0.295918,
      0.295918,
      0.295918,
      0.295918,
      0.295918,
      0.295918,
      0.295918,
      0.295918,
      0.295918,
      0.295918,
      0.42074,
      0.393996,
      0.397416,
      0.295918,
      0.295918,
      0.295918,
      NaN,
      NaN,
      NaN
    ],
    "sonar.csv": [
      0.318033,
      0.318033,
      0.318033,
      0.318033,
      0.318033,
      0.318033,
      0.318033,
      0.318033,
      0.318033,
      0.318033,
      0.459224,
      0.386594,
      0.536361,
      0.318033,
      0.318033,
      NaN,
      NaN,
      NaN,
      NaN,
      NaN
    ]
  }
}