{
  "vs_k": {
    "ecoli.csv": [
      0.306744,
      0.377323,
      0.345564,
      0.27432,
      0.27432,
      0.27432,
      0.188403,
      0.187572,
      0.187572,
      0.187572,
      0.187572,
      0.187572,
      0.187572,
      0.187572,
      0.187572,
      0.187572,
      0.0746346,
      0.0746346,
      0.0746346,
      0.0746346,
      0.0746346,
      0.0746346,
      0.0746346,
      0.0746346,
      0.0746346,
      0.0746346,
      0.0746346,
      0.0746346,
      0.0746346
    ],
    "glass.csv": [
      0.251928,
      0.25765,
      0.302707,
      0.354716,
      0.300577,
      0.257051,
      0.19933,
      0.0873563,
      0.0873563,
      0.0873563,
      0.0873563,
      0.0873563,
      0.0873563,
      0.0873563,
      0.0873563,
      0.0873563,
      0.0873563,
      0.0873563,
      0.0873563,
      0.0873563,
      0.0873563,
      0.0873563,
      0.0873563,
      0.0873563,
      0.0873563,
      0.0873563,
      0.0873563,
      0.0873563,
      0.0873563
    ],
    "haberman.csv": [
      0.423729,
      0.423729,
      0.423729,
      0.423729,
      0.423729,
      0.423729,
      0.423729,
      0.423729,
      0.423729,
      0.423729,
      0.423729,
      0.423729,
      0.423729,
      0.423729,
      0.423729,
      0.423729,
      0.423729,
      0.423729,
      0.423729,
      0.423729,
      0.423729,
      0.423729,
      0.423729,
      0.423729,
      0.423729,
      0.423729,
      0.423729,
      0.423729,
      0.423729
    ],
    "ionosphere.csv": [
      0.390625,
      0.424126,
      0.390625,
      0.390625,
      0.390625,
      0.390625,
      0.390625,
      0.390625,
      0.390625,
      0.390625,
      0.390625,
      0.390625,
      0.390625,
      0.390625,
      0.390625,
      0.390625,
      0.390625,
      0.390625,
      0.390625,
      0.390625,
      0.390625,
      0.390625,
      0.390625,
      0.390625,
      0.390625,
      0.390625,
      0.390625,
      0.390625,
      0.390625
    ],
    "liver_disorders.csv": [
      0.366972,
      0.366972,
      0.420196,
      0.366972,
      0.366972,
      0.366972,
      0.366972,
      0.366972,
      0.366972,
      0.366972,
      0.366972,
      0.366972,
      0.366972,
      0.366972,
      0.366972,
      0.366972,
      0.366972,
      0.366972,
      0.366972,
      0.366972,
      0.366972,
      0.366972,
      0.366972,
      0.366972,
      0.366972,
      0.366972,
      0.366972,
      0.366972,
      0.366972
    ],
    "sonar.csv": [
      0.536794,
      0.347962,
      0.347962,
      0.347962,
      0.347962,
      0.347962,
      0.347962,
      0.347962,
      0.347962,
      0.347962,
      0.347962,
      0.347962,
      0.347962,
      0.347962,
      0.347962,
      0.347962,
      0.347962,
      0.347962,
      0.347962,
      0.347962,
      0.347962,
      0.347962,
      0.347962,
      0.347962,
      0.347962,
      0.347962,
      0.347962,
      0.347962,
      0.347962
    ]
  },
  "vs_thr": {
    "ecoli.csv": [
      0.0746346,
      0.0746346,
      0.0746346,
      0.0746346,
      0.0746346,
      0.0746346,
      0.0746346,
      0.0746346,
      0.188403,
      0.187572,
      0.187572,
      0.296679,
      0.263221,
      0.188403,
      0.188403,
      NaN,
      NaN,
      NaN,
      NaN,
      NaN
    ],
    "glass.csv": [
      0.0873563,
      0.0873563,
      0.0873563,
      0.0873563,
      0.0873563,
      0.0873563,
      0.0873563,
      0.0873563,
      0.0873563,
      0.0873563,
      0.0873563,
      0.273795,
      0.332586,
      0.431846,
      0.395194,
      0.349332,
      0.254975,
      0.137204,
      0.0873563,
      NaN
    ],
    "haberman.csv": [
      0.423729,
      0.423729,
      0.423729,
      0.423729,
      0.423729,
      0.423729,
      0.423729,
      0.423729,
      0.423729,
      0.423729,
      0.423729,
      0.423729,
      0.423729,
      0.423729,
      NaN,
      NaN,
      NaN,
      NaN,
      NaN,
      NaN
    ],
    "ionosphere.csv": [
      0.390625,
      0.390625,
      0.390625,
      0.390625,
      0.390625,
      0.390625,
      0.390625,
      0.390625,
      0.390625,
      0.390625,
      0.390625,
      0.390625,
      0.390625,
      0.390625,
      0.390625,
      0.69096,
      0.390625,
      0.687767,
      0.687767,
      0.687767
    ],
    "liver_disorders.csv": [
      0.366972,
      0.366972,
      0.366972,
      0.366972,
      0.366972,
      0.366972,
      0.366972,
      0.366972,
      0.366972,
      0.366972,
      0.366972,
      0.42074,
      0.366972,
      0.366972,
      0.366972,
      0.366972,
      0.366972,
      NaN,
      NaN,
      NaN
    ],
    "sonar.csv": [
      0.347962,
      0.347962,
      0.347962,
      0.347962,
      0.347962,
      0.347962,
      0.347962,
      0.347962,
      0.347962,
      0.347962,
      0.459224,
      0.489771,
      0.536361,
      0.347962,
      0.347962,
      NaN,
      NaN,
      NaN,
      NaN,
      NaN
    ]
  }
}